{"Andhra Pradesh":{"S. No.":"1","Total Confirmed cases (Indian National)":"11","Total Confirmed cases ( Foreign National )":"0","Cured/Discharged/Migrated":"1","Death":"0"},"Bihar":{"S. No.":"2","Total Confirmed cases (Indian National)":"3","Total Confirmed cases ( Foreign National )":"0","Cured/Discharged/Migrated":"0","Death":"1"},"Chhattisgarh":{"S. No.":"3","Total Confirmed cases (Indian National)":"3","Total Confirmed cases ( Foreign National )":"0","Cured/Discharged/Migrated":"0","Death":"0"},"Delhi":{"S. No.":"4","Total Confirmed cases (Indian National)":"34","Total Confirmed cases ( Foreign National )":"1","Cured/Discharged/Migrated":"6","Death":"1"},"Goa":{"S. No.":"5","Total Confirmed cases (Indian National)":"3","Total Confirmed cases ( Foreign National )":"0","Cured/Discharged/Migrated":"0","Death":"0"},"Gujarat":{"S. No.":"6","Total Confirmed cases (Indian National)":"37","Total Confirmed cases ( Foreign National )":"1","Cured/Discharged/Migrated":"0","Death":"2"},"Haryana":{"S. No.":"7","Total Confirmed cases (Indian National)":"16","Total Confirmed cases ( Foreign National )":"14","Cured/Discharged/Migrated":"11","Death":"0"},"Himachal Pradesh":{"S. No.":"8","Total Confirmed cases (Indian National)":"3","Total Confirmed cases ( Foreign National )":"0","Cured/Discharged/Migrated":"0","Death":"1"},"Karnataka":{"S. No.":"9","Total Confirmed cases (Indian National)":"41","Total Confirmed cases ( Foreign National )":"0","Cured/Discharged/Migrated":"3","Death":"1"},"Kerala":{"S. No.":"10","Total Confirmed cases (Indian National)":"110","Total Confirmed cases ( Foreign National )":"8","Cured/Discharged/Migrated":"4","Death":"0"},"Madhya Pradesh":{"S. No.":"11","Total Confirmed cases (Indian National)":"15","Total Confirmed cases ( Foreign National )":"0","Cured/Discharged/Migrated":"0","Death":"1"},"Maharashtra":{"S. No.":"12","Total Confirmed cases (Indian National)":"121","Total Confirmed cases ( Foreign National )":"3","Cured/Discharged/Migrated":"1","Death":"3"},"Manipur":{"S. No.":"13","Total Confirmed cases (Indian National)":"1","Total Confirmed cases ( Foreign National )":"0","Cured/Discharged/Migrated":"0","Death":"0"},"Mizoram":{"S. No.":"14","Total Confirmed cases (Indian National)":"1","Total Confirmed cases ( Foreign National )":"0","Cured/Discharged/Migrated":"0","Death":"0"},"Odisha":{"S. No.":"15","Total Confirmed cases (Indian National)":"2","Total Confirmed cases ( Foreign National )":"0","Cured/Discharged/Migrated":"0","Death":"0"},"Puducherry":{"S. No.":"16","Total Confirmed cases (Indian National)":"1","Total Confirmed cases ( Foreign National )":"0","Cured/Discharged/Migrated":"0","Death":"0"},"Punjab":{"S. No.":"17","Total Confirmed cases (Indian National)":"33","Total Confirmed cases ( Foreign National )":"0","Cured/Discharged/Migrated":"0","Death":"1"},"Rajasthan":{"S. No.":"18","Total Confirmed cases (Indian National)":"36","Total Confirmed cases ( Foreign National )":"2","Cured/Discharged/Migrated":"3","Death":"0"},"Tamil Nadu":{"S. No.":"19","Total Confirmed cases (Indian National)":"20","Total Confirmed cases ( Foreign National )":"6","Cured/Discharged/Migrated":"1","Death":"1"},"Telengana":{"S. No.":"20","Total Confirmed cases (Indian National)":"31","Total Confirmed cases ( Foreign National )":"10","Cured/Discharged/Migrated":"1","Death":"0"},"Chandigarh":{"S. No.":"21","Total Confirmed cases (Indian National)":"7","Total Confirmed cases ( Foreign National )":"0","Cured/Discharged/Migrated":"0","Death":"0"},"Jammu and Kashmir":{"S. No.":"22","Total Confirmed cases (Indian National)":"11","Total Confirmed cases ( Foreign National )":"0","Cured/Discharged/Migrated":"1","Death":"0"},"Ladakh":{"S. No.":"23","Total Confirmed cases (Indian National)":"13","Total Confirmed cases ( Foreign National )":"0","Cured/Discharged/Migrated":"0","Death":"0"},"Uttar Pradesh":{"S. No.":"24","Total Confirmed cases (Indian National)":"36","Total Confirmed cases ( Foreign National )":"1","Cured/Discharged/Migrated":"11","Death":"0"},"Uttarakhand":{"S. No.":"25","Total Confirmed cases (Indian National)":"4","Total Confirmed cases ( Foreign National )":"1","Cured/Discharged/Migrated":"0","Death":"0"},"West Bengal":{"S. No.":"26","Total Confirmed cases (Indian National)":"9","Total Confirmed cases ( Foreign National )":"0","Cured/Discharged/Migrated":"0","Death":"1"},"timestamp":1585213200152}