{"Andaman and Nicobar Islands":{"S. No.":"1","Total Confirmed cases (Indian National)":"2","Total Confirmed cases ( Foreign National )":"0","Cured/Discharged/Migrated":"0","Death":"0"},"Andhra Pradesh":{"S. No.":"2","Total Confirmed cases (Indian National)":"14","Total Confirmed cases ( Foreign National )":"0","Cured/Discharged/Migrated":"1","Death":"0"},"Bihar":{"S. No.":"3","Total Confirmed cases (Indian National)":"9","Total Confirmed cases ( Foreign National )":"0","Cured/Discharged/Migrated":"0","Death":"1"},"Chandigarh":{"S. No.":"4","Total Confirmed cases (Indian National)":"7","Total Confirmed cases ( Foreign National )":"0","Cured/Discharged/Migrated":"0","Death":"0"},"Chhattisgarh":{"S. No.":"5","Total Confirmed cases (Indian National)":"6","Total Confirmed cases ( Foreign National )":"0","Cured/Discharged/Migrated":"0","Death":"0"},"Delhi":{"S. No.":"6","Total Confirmed cases (Indian National)":"38","Total Confirmed cases ( Foreign National )":"1","Cured/Discharged/Migrated":"6","Death":"1"},"Goa":{"S. No.":"7","Total Confirmed cases (Indian National)":"3","Total Confirmed cases ( Foreign National )":"0","Cured/Discharged/Migrated":"0","Death":"0"},"Gujarat":{"S. No.":"8","Total Confirmed cases (Indian National)":"44","Total Confirmed cases ( Foreign National )":"1","Cured/Discharged/Migrated":"0","Death":"3"},"Haryana":{"S. No.":"9","Total Confirmed cases (Indian National)":"19","Total Confirmed cases ( Foreign National )":"14","Cured/Discharged/Migrated":"11","Death":"0"},"Himachal Pradesh":{"S. No.":"10","Total Confirmed cases (Indian National)":"3","Total Confirmed cases ( Foreign National )":"0","Cured/Discharged/Migrated":"0","Death":"1"},"Jammu and Kashmir":{"S. No.":"11","Total Confirmed cases (Indian National)":"18","Total Confirmed cases ( Foreign National )":"0","Cured/Discharged/Migrated":"1","Death":"1"},"Karnataka":{"S. No.":"12","Total Confirmed cases (Indian National)":"55","Total Confirmed cases ( Foreign National )":"0","Cured/Discharged/Migrated":"3","Death":"2"},"Kerala":{"S. No.":"13","Total Confirmed cases (Indian National)":"165","Total Confirmed cases ( Foreign National )":"8","Cured/Discharged/Migrated":"11","Death":"0"},"Ladakh":{"S. No.":"14","Total Confirmed cases (Indian National)":"13","Total Confirmed cases ( Foreign National )":"0","Cured/Discharged/Migrated":"3","Death":"0"},"Madhya Pradesh":{"S. No.":"15","Total Confirmed cases (Indian National)":"30","Total Confirmed cases ( Foreign National )":"0","Cured/Discharged/Migrated":"0","Death":"2"},"Maharashtra":{"S. No.":"16","Total Confirmed cases (Indian National)":"177","Total Confirmed cases ( Foreign National )":"3","Cured/Discharged/Migrated":"25","Death":"5"},"Manipur":{"S. No.":"17","Total Confirmed cases (Indian National)":"1","Total Confirmed cases ( Foreign National )":"0","Cured/Discharged/Migrated":"0","Death":"0"},"Mizoram":{"S. No.":"18","Total Confirmed cases (Indian National)":"1","Total Confirmed cases ( Foreign National )":"0","Cured/Discharged/Migrated":"0","Death":"0"},"Odisha":{"S. No.":"19","Total Confirmed cases (Indian National)":"3","Total Confirmed cases ( Foreign National )":"0","Cured/Discharged/Migrated":"0","Death":"0"},"Puducherry":{"S. No.":"20","Total Confirmed cases (Indian National)":"1","Total Confirmed cases ( Foreign National )":"0","Cured/Discharged/Migrated":"0","Death":"0"},"Punjab":{"S. No.":"21","Total Confirmed cases (Indian National)":"38","Total Confirmed cases ( Foreign National )":"0","Cured/Discharged/Migrated":"1","Death":"1"},"Rajasthan":{"S. No.":"22","Total Confirmed cases (Indian National)":"46","Total Confirmed cases ( Foreign National )":"2","Cured/Discharged/Migrated":"3","Death":"0"},"Tamil Nadu":{"S. No.":"23","Total Confirmed cases (Indian National)":"32","Total Confirmed cases ( Foreign National )":"6","Cured/Discharged/Migrated":"2","Death":"1"},"Telengana":{"S. No.":"24","Total Confirmed cases (Indian National)":"38","Total Confirmed cases ( Foreign National )":"10","Cured/Discharged/Migrated":"1","Death":"0"},"Uttarakhand":{"S. No.":"25","Total Confirmed cases (Indian National)":"4","Total Confirmed cases ( Foreign National )":"1","Cured/Discharged/Migrated":"0","Death":"0"},"Uttar Pradesh":{"S. No.":"26","Total Confirmed cases (Indian National)":"44","Total Confirmed cases ( Foreign National )":"1","Cured/Discharged/Migrated":"11","Death":"0"},"West Bengal":{"S. No.":"27","Total Confirmed cases (Indian National)":"15","Total Confirmed cases ( Foreign National )":"0","Cured/Discharged/Migrated":"0","Death":"1"},"timestamp":1585371600488}