{"Andhra Pradesh":{"S. No.":"1","Total Confirmed cases (Indian National)":19,"Total Confirmed cases ( Foreign National )":0,"Cured/Discharged/Migrated":1,"Death":0},"Andaman and Nicobar Islands":{"S. No.":"2","Total Confirmed cases (Indian National)":9,"Total Confirmed cases ( Foreign National )":0,"Cured/Discharged/Migrated":0,"Death":0},"Bihar":{"S. No.":"3","Total Confirmed cases (Indian National)":11,"Total Confirmed cases ( Foreign National )":0,"Cured/Discharged/Migrated":0,"Death":1},"Chandigarh":{"S. No.":"4","Total Confirmed cases (Indian National)":8,"Total Confirmed cases ( Foreign National )":0,"Cured/Discharged/Migrated":0,"Death":0},"Chhattisgarh":{"S. No.":"5","Total Confirmed cases (Indian National)":7,"Total Confirmed cases ( Foreign National )":0,"Cured/Discharged/Migrated":0,"Death":0},"Delhi":{"S. No.":"6","Total Confirmed cases (Indian National)":53,"Total Confirmed cases ( Foreign National )":0,"Cured/Discharged/Migrated":6,"Death":2},"Goa":{"S. No.":"7","Total Confirmed cases (Indian National)":5,"Total Confirmed cases ( Foreign National )":0,"Cured/Discharged/Migrated":0,"Death":0},"Gujarat":{"S. No.":"8","Total Confirmed cases (Indian National)":58,"Total Confirmed cases ( Foreign National )":0,"Cured/Discharged/Migrated":1,"Death":5},"Haryana":{"S. No.":"9","Total Confirmed cases (Indian National)":33,"Total Confirmed cases ( Foreign National )":0,"Cured/Discharged/Migrated":17,"Death":0},"Himachal Pradesh":{"S. No.":"10","Total Confirmed cases (Indian National)":3,"Total Confirmed cases ( Foreign National )":0,"Cured/Discharged/Migrated":0,"Death":1},"Jammu and Kashmir":{"S. No.":"11","Total Confirmed cases (Indian National)":31,"Total Confirmed cases ( Foreign National )":0,"Cured/Discharged/Migrated":1,"Death":2},"Karnataka":{"S. No.":"12","Total Confirmed cases (Indian National)":80,"Total Confirmed cases ( Foreign National )":0,"Cured/Discharged/Migrated":5,"Death":3},"Kerala":{"S. No.":"13","Total Confirmed cases (Indian National)":194,"Total Confirmed cases ( Foreign National )":0,"Cured/Discharged/Migrated":19,"Death":1},"Ladakh":{"S. No.":"14","Total Confirmed cases (Indian National)":13,"Total Confirmed cases ( Foreign National )":0,"Cured/Discharged/Migrated":3,"Death":0},"Madhya Pradesh":{"S. No.":"15","Total Confirmed cases (Indian National)":33,"Total Confirmed cases ( Foreign National )":0,"Cured/Discharged/Migrated":0,"Death":2},"Maharashtra":{"S. No.":"16","Total Confirmed cases (Indian National)":193,"Total Confirmed cases ( Foreign National )":0,"Cured/Discharged/Migrated":25,"Death":8},"Manipur":{"S. No.":"17","Total Confirmed cases (Indian National)":1,"Total Confirmed cases ( Foreign National )":0,"Cured/Discharged/Migrated":0,"Death":0},"Mizoram":{"S. No.":"18","Total Confirmed cases (Indian National)":1,"Total Confirmed cases ( Foreign National )":0,"Cured/Discharged/Migrated":0,"Death":0},"Odisha":{"S. No.":"19","Total Confirmed cases (Indian National)":3,"Total Confirmed cases ( Foreign National )":0,"Cured/Discharged/Migrated":0,"Death":0},"Puducherry":{"S. No.":"20","Total Confirmed cases (Indian National)":1,"Total Confirmed cases ( Foreign National )":0,"Cured/Discharged/Migrated":0,"Death":0},"Punjab":{"S. No.":"21","Total Confirmed cases (Indian National)":38,"Total Confirmed cases ( Foreign National )":0,"Cured/Discharged/Migrated":1,"Death":1},"Rajasthan":{"S. No.":"22","Total Confirmed cases (Indian National)":57,"Total Confirmed cases ( Foreign National )":0,"Cured/Discharged/Migrated":3,"Death":0},"Tamil Nadu":{"S. No.":"23","Total Confirmed cases (Indian National)":50,"Total Confirmed cases ( Foreign National )":0,"Cured/Discharged/Migrated":4,"Death":1},"Telengana":{"S. No.":"24","Total Confirmed cases (Indian National)":69,"Total Confirmed cases ( Foreign National )":0,"Cured/Discharged/Migrated":1,"Death":1},"Uttarakhand":{"S. No.":"25","Total Confirmed cases (Indian National)":7,"Total Confirmed cases ( Foreign National )":0,"Cured/Discharged/Migrated":2,"Death":0},"Uttar Pradesh":{"S. No.":"26","Total Confirmed cases (Indian National)":75,"Total Confirmed cases ( Foreign National )":0,"Cured/Discharged/Migrated":11,"Death":0},"West Bengal":{"S. No.":"27","Total Confirmed cases (Indian National)":19,"Total Confirmed cases ( Foreign National )":0,"Cured/Discharged/Migrated":0,"Death":1},"timestamp":1585548000151}