{"Andhra Pradesh":{"S. No.":"1","Total Confirmed cases (Indian National)":"7","Total Confirmed cases ( Foreign National )":"0","Cured/Discharged/Migrated":"0","Death":"0"},"Bihar":{"S. No.":"2","Total Confirmed cases (Indian National)":"2","Total Confirmed cases ( Foreign National )":"0","Cured/Discharged/Migrated":"0","Death":"1"},"Chhattisgarh":{"S. No.":"3","Total Confirmed cases (Indian National)":"1","Total Confirmed cases ( Foreign National )":"0","Cured/Discharged/Migrated":"0","Death":"0"},"Delhi":{"S. No.":"4","Total Confirmed cases (Indian National)":"28","Total Confirmed cases ( Foreign National )":"1","Cured/Discharged/Migrated":"5","Death":"1"},"Gujarat":{"S. No.":"5","Total Confirmed cases (Indian National)":"29","Total Confirmed cases ( Foreign National )":"0","Cured/Discharged/Migrated":"0","Death":"1"},"Haryana":{"S. No.":"6","Total Confirmed cases (Indian National)":"12","Total Confirmed cases ( Foreign National )":"14","Cured/Discharged/Migrated":"11","Death":"0"},"Himachal Pradesh":{"S. No.":"7","Total Confirmed cases (Indian National)":"3","Total Confirmed cases ( Foreign National )":"0","Cured/Discharged/Migrated":"0","Death":"1"},"Karnataka":{"S. No.":"8","Total Confirmed cases (Indian National)":"33","Total Confirmed cases ( Foreign National )":"0","Cured/Discharged/Migrated":"2","Death":"1"},"Kerala":{"S. No.":"9","Total Confirmed cases (Indian National)":"60","Total Confirmed cases ( Foreign National )":"7","Cured/Discharged/Migrated":"3","Death":"0"},"Madhya Pradesh":{"S. No.":"10","Total Confirmed cases (Indian National)":"6","Total Confirmed cases ( Foreign National )":"0","Cured/Discharged/Migrated":"0","Death":"0"},"Maharashtra":{"S. No.":"11","Total Confirmed cases (Indian National)":"71","Total Confirmed cases ( Foreign National )":"3","Cured/Discharged/Migrated":"0","Death":"2"},"Odisha":{"S. No.":"12","Total Confirmed cases (Indian National)":"2","Total Confirmed cases ( Foreign National )":"0","Cured/Discharged/Migrated":"0","Death":"0"},"Puducherry":{"S. No.":"13","Total Confirmed cases (Indian National)":"1","Total Confirmed cases ( Foreign National )":"0","Cured/Discharged/Migrated":"0","Death":"0"},"Punjab":{"S. No.":"14","Total Confirmed cases (Indian National)":"21","Total Confirmed cases ( Foreign National )":"0","Cured/Discharged/Migrated":"0","Death":"1"},"Rajasthan":{"S. No.":"15","Total Confirmed cases (Indian National)":"26","Total Confirmed cases ( Foreign National )":"2","Cured/Discharged/Migrated":"3","Death":"0"},"Tamil Nadu":{"S. No.":"16","Total Confirmed cases (Indian National)":"7","Total Confirmed cases ( Foreign National )":"2","Cured/Discharged/Migrated":"1","Death":"0"},"Telengana":{"S. No.":"17","Total Confirmed cases (Indian National)":"22","Total Confirmed cases ( Foreign National )":"10","Cured/Discharged/Migrated":"1","Death":"0"},"Chandigarh":{"S. No.":"18","Total Confirmed cases (Indian National)":"6","Total Confirmed cases ( Foreign National )":"0","Cured/Discharged/Migrated":"0","Death":"0"},"Jammu and Kashmir":{"S. No.":"19","Total Confirmed cases (Indian National)":"4","Total Confirmed cases ( Foreign National )":"0","Cured/Discharged/Migrated":"0","Death":"0"},"Ladakh":{"S. No.":"20","Total Confirmed cases (Indian National)":"13","Total Confirmed cases ( Foreign National )":"0","Cured/Discharged/Migrated":"0","Death":"0"},"Uttar Pradesh":{"S. No.":"21","Total Confirmed cases (Indian National)":"30","Total Confirmed cases ( Foreign National )":"1","Cured/Discharged/Migrated":"9","Death":"0"},"Uttarakhand":{"S. No.":"22","Total Confirmed cases (Indian National)":"3","Total Confirmed cases ( Foreign National )":"0","Cured/Discharged/Migrated":"0","Death":"0"},"West Bengal":{"S. No.":"23","Total Confirmed cases (Indian National)":"7","Total Confirmed cases ( Foreign National )":"0","Cured/Discharged/Migrated":"0","Death":"1"},"timestamp":1584987281327}