{"Andhra Pradesh":{"S. No.":"1","Total Confirmed cases (Indian National)":86,"Total Confirmed cases ( Foreign National )":0,"Cured/Discharged/Migrated":1,"Death":1},"Andaman and Nicobar Islands":{"S. No.":"2","Total Confirmed cases (Indian National)":10,"Total Confirmed cases ( Foreign National )":0,"Cured/Discharged/Migrated":0,"Death":0},"Assam":{"S. No.":"3","Total Confirmed cases (Indian National)":1,"Total Confirmed cases ( Foreign National )":0,"Cured/Discharged/Migrated":0,"Death":0},"Bihar":{"S. No.":"4","Total Confirmed cases (Indian National)":23,"Total Confirmed cases ( Foreign National )":0,"Cured/Discharged/Migrated":0,"Death":1},"Chandigarh":{"S. No.":"5","Total Confirmed cases (Indian National)":16,"Total Confirmed cases ( Foreign National )":0,"Cured/Discharged/Migrated":0,"Death":0},"Chhattisgarh":{"S. No.":"6","Total Confirmed cases (Indian National)":9,"Total Confirmed cases ( Foreign National )":0,"Cured/Discharged/Migrated":2,"Death":0},"Delhi":{"S. No.":"7","Total Confirmed cases (Indian National)":152,"Total Confirmed cases ( Foreign National )":0,"Cured/Discharged/Migrated":6,"Death":2},"Goa":{"S. No.":"8","Total Confirmed cases (Indian National)":5,"Total Confirmed cases ( Foreign National )":0,"Cured/Discharged/Migrated":0,"Death":0},"Gujarat":{"S. No.":"9","Total Confirmed cases (Indian National)":82,"Total Confirmed cases ( Foreign National )":0,"Cured/Discharged/Migrated":5,"Death":6},"Haryana":{"S. No.":"10","Total Confirmed cases (Indian National)":43,"Total Confirmed cases ( Foreign National )":0,"Cured/Discharged/Migrated":21,"Death":0},"Himachal Pradesh":{"S. No.":"11","Total Confirmed cases (Indian National)":3,"Total Confirmed cases ( Foreign National )":0,"Cured/Discharged/Migrated":1,"Death":1},"Jammu and Kashmir":{"S. No.":"12","Total Confirmed cases (Indian National)":62,"Total Confirmed cases ( Foreign National )":0,"Cured/Discharged/Migrated":2,"Death":2},"Jharkhand":{"S. No.":"13","Total Confirmed cases (Indian National)":1,"Total Confirmed cases ( Foreign National )":0,"Cured/Discharged/Migrated":0,"Death":0},"Karnataka":{"S. No.":"14","Total Confirmed cases (Indian National)":110,"Total Confirmed cases ( Foreign National )":0,"Cured/Discharged/Migrated":9,"Death":3},"Kerala":{"S. No.":"15","Total Confirmed cases (Indian National)":265,"Total Confirmed cases ( Foreign National )":0,"Cured/Discharged/Migrated":25,"Death":2},"Ladakh":{"S. No.":"16","Total Confirmed cases (Indian National)":13,"Total Confirmed cases ( Foreign National )":0,"Cured/Discharged/Migrated":3,"Death":0},"Madhya Pradesh":{"S. No.":"17","Total Confirmed cases (Indian National)":99,"Total Confirmed cases ( Foreign National )":0,"Cured/Discharged/Migrated":0,"Death":6},"Maharashtra":{"S. No.":"18","Total Confirmed cases (Indian National)":335,"Total Confirmed cases ( Foreign National )":0,"Cured/Discharged/Migrated":42,"Death":13},"Manipur":{"S. No.":"19","Total Confirmed cases (Indian National)":1,"Total Confirmed cases ( Foreign National )":0,"Cured/Discharged/Migrated":0,"Death":0},"Mizoram":{"S. No.":"20","Total Confirmed cases (Indian National)":1,"Total Confirmed cases ( Foreign National )":0,"Cured/Discharged/Migrated":0,"Death":0},"Odisha":{"S. No.":"21","Total Confirmed cases (Indian National)":4,"Total Confirmed cases ( Foreign National )":0,"Cured/Discharged/Migrated":0,"Death":0},"Puducherry":{"S. No.":"22","Total Confirmed cases (Indian National)":3,"Total Confirmed cases ( Foreign National )":0,"Cured/Discharged/Migrated":1,"Death":0},"Punjab":{"S. No.":"23","Total Confirmed cases (Indian National)":46,"Total Confirmed cases ( Foreign National )":0,"Cured/Discharged/Migrated":1,"Death":4},"Rajasthan":{"S. No.":"24","Total Confirmed cases (Indian National)":108,"Total Confirmed cases ( Foreign National )":0,"Cured/Discharged/Migrated":3,"Death":0},"Tamil Nadu":{"S. No.":"25","Total Confirmed cases (Indian National)":234,"Total Confirmed cases ( Foreign National )":0,"Cured/Discharged/Migrated":6,"Death":1},"Telengana":{"S. No.":"26","Total Confirmed cases (Indian National)":96,"Total Confirmed cases ( Foreign National )":0,"Cured/Discharged/Migrated":1,"Death":3},"Uttarakhand":{"S. No.":"27","Total Confirmed cases (Indian National)":7,"Total Confirmed cases ( Foreign National )":0,"Cured/Discharged/Migrated":2,"Death":0},"Uttar Pradesh":{"S. No.":"28","Total Confirmed cases (Indian National)":113,"Total Confirmed cases ( Foreign National )":0,"Cured/Discharged/Migrated":14,"Death":2},"West Bengal":{"S. No.":"29","Total Confirmed cases (Indian National)":37,"Total Confirmed cases ( Foreign National )":0,"Cured/Discharged/Migrated":6,"Death":3},"timestamp":1585803600177}