{"Andhra Pradesh":{"S. No.":"1","Total Confirmed cases (Indian National)":"1","Total Confirmed cases ( Foreign National )":"0","Cured/Discharged/Migrated":"0","Death":"0"},"Delhi":{"S. No.":"2","Total Confirmed cases (Indian National)":"11","Total Confirmed cases ( Foreign National )":"1","Cured/Discharged/Migrated":"2","Death":"1"},"Haryana":{"S. No.":"3","Total Confirmed cases (Indian National)":"3","Total Confirmed cases ( Foreign National )":"14","Cured/Discharged/Migrated":"0","Death":"0"},"Karnataka":{"S. No.":"4","Total Confirmed cases (Indian National)":"14","Total Confirmed cases ( Foreign National )":"0","Cured/Discharged/Migrated":"0","Death":"1"},"Kerala":{"S. No.":"5","Total Confirmed cases (Indian National)":"25","Total Confirmed cases ( Foreign National )":"2","Cured/Discharged/Migrated":"3","Death":"0"},"Maharashtra":{"S. No.":"6","Total Confirmed cases (Indian National)":"42","Total Confirmed cases ( Foreign National )":"3","Cured/Discharged/Migrated":"0","Death":"1"},"Odisha":{"S. No.":"7","Total Confirmed cases (Indian National)":"1","Total Confirmed cases ( Foreign National )":"0","Cured/Discharged/Migrated":"0","Death":"0"},"Pondicherry":{"S. No.":"8","Total Confirmed cases (Indian National)":"1","Total Confirmed cases ( Foreign National )":"0","Cured/Discharged/Migrated":"0","Death":"0"},"Punjab":{"S. No.":"9","Total Confirmed cases (Indian National)":"1","Total Confirmed cases ( Foreign National )":"0","Cured/Discharged/Migrated":"0","Death":"0"},"Rajasthan":{"S. No.":"10","Total Confirmed cases (Indian National)":"5","Total Confirmed cases ( Foreign National )":"2","Cured/Discharged/Migrated":"3","Death":"0"},"Tamil Nadu":{"S. No.":"11","Total Confirmed cases (Indian National)":"2","Total Confirmed cases ( Foreign National )":"0","Cured/Discharged/Migrated":"1","Death":"0"},"Telengana":{"S. No.":"12","Total Confirmed cases (Indian National)":"4","Total Confirmed cases ( Foreign National )":"2","Cured/Discharged/Migrated":"1","Death":"0"},"Union Territory of Chandigarh":{"S. No.":"13","Total Confirmed cases (Indian National)":"1","Total Confirmed cases ( Foreign National )":"0","Cured/Discharged/Migrated":"0","Death":"0"},"Union Territory of Jammu and Kashmir":{"S. No.":"14","Total Confirmed cases (Indian National)":"4","Total Confirmed cases ( Foreign National )":"0","Cured/Discharged/Migrated":"0","Death":"0"},"Union Territory of Ladakh":{"S. No.":"15","Total Confirmed cases (Indian National)":"8","Total Confirmed cases ( Foreign National )":"0","Cured/Discharged/Migrated":"0","Death":"0"},"Uttar Pradesh":{"S. No.":"16","Total Confirmed cases (Indian National)":"16","Total Confirmed cases ( Foreign National )":"1","Cured/Discharged/Migrated":"5","Death":"0"},"Uttarakhand":{"S. No.":"17","Total Confirmed cases (Indian National)":"1","Total Confirmed cases ( Foreign National )":"0","Cured/Discharged/Migrated":"0","Death":"0"},"West Bengal":{"S. No.":"18","Total Confirmed cases (Indian National)":"1","Total Confirmed cases ( Foreign National )":"0","Cured/Discharged/Migrated":"0","Death":"0"}}